City Name,Latitude,Longtitude,Max Temperature,Humidity,Cloudiness,Wind Speed,Country,Date
Orlik,52.5178,99.825,19.41,46,100,0.94,RU,1659957415
Sunbury,-37.5833,144.7333,7.9,78,20,0.45,AU,1659957416
Nelson Bay,-32.7167,152.15,14.49,77,11,4.92,AU,1659957417
Merauke,-8.4667,140.3333,25.59,77,40,7.78,ID,1659957417
Port Alfred,-33.5906,26.891,17.88,90,91,3.13,ZA,1659957418
Sabang,5.8933,95.3214,28.11,79,85,11.13,ID,1659957418
Suda,59.1525,37.5582,21.06,44,100,1.27,RU,1659957419
Albany,42.6001,-73.9662,24.59,90,14,1.15,US,1659957419
Veroli,41.6911,13.4177,34.06,34,40,2.57,IT,1659957420
Cape Town,-33.9258,18.4232,19.51,59,25,3.13,ZA,1659957220
Mataura,-46.1927,168.8643,1.38,74,1,3.84,NZ,1659957420
Saldanha,-33.0117,17.9442,16.3,63,44,4.26,ZA,1659957421
Vaini,-21.2,-175.2,24.09,94,20,3.6,TO,1659957422
Punta Arenas,-53.15,-70.9167,0.01,93,0,1.54,CL,1659957422
College,64.8569,-147.8028,10.97,89,100,3.09,US,1659957423
Bambous Virieux,-20.3428,57.7575,24.56,64,20,4.12,MU,1659957423
Ponta do Sol,32.6667,-17.1,26.67,72,4,1.53,PT,1659957424
Busselton,-33.65,115.3333,10.7,74,83,7.66,AU,1659957424
Ushuaia,-54.8,-68.3,1.81,64,20,2.57,AR,1659957300
Faanui,-16.4833,-151.75,24.49,69,86,10.91,PF,1659957425
Vilyuysk,63.7553,121.6247,16.24,86,99,1.64,RU,1659957425
Chokurdakh,70.6333,147.9167,15.5,39,100,4.24,RU,1659957426
Champerico,14.3,-91.9167,24.11,90,90,2.2,GT,1659957426
Port Elizabeth,-33.918,25.5701,19.62,83,75,2.57,ZA,1659957426
Krasnyy Luch,48.1395,38.9371,33.58,15,10,5.26,UA,1659957427
Goderich,43.7501,-81.7165,23.18,94,100,3.09,CA,1659957428
Tuatapere,-46.1333,167.6833,0.32,79,6,2.84,NZ,1659957428
George Town,5.4112,100.3354,30.96,70,20,5.14,MY,1659957169
Atuona,-9.8,-139.0333,24.94,73,5,6.87,PF,1659957429
Aitape,-3.1374,142.3475,25.78,89,93,3.38,PG,1659957430
Kaitangata,-46.2817,169.8464,2.72,73,84,4.33,NZ,1659957430
Bacolod City,10.6667,122.95,26.27,77,100,0.5,PH,1659957291
Shimokizukuri,40.8061,140.3861,29.41,82,88,5.01,JP,1659957431
Hithadhoo,-0.6,73.0833,27.65,70,99,0.4,MV,1659957431
Road Town,18.4167,-64.6167,28.05,78,40,6.69,VG,1659957432
Kelo,9.3086,15.8066,29.48,63,61,3.32,TD,1659957432
Kahului,20.8947,-156.47,25.47,73,0,6.17,US,1659957433
Karatau,43.1667,70.4667,33.73,18,59,8.45,KZ,1659957367
Manzhouli,49.6,117.4333,19.44,44,12,4.78,CN,1659957434
Castro,-24.7911,-50.0119,14.12,98,100,1.1,BR,1659957435
Panama City,8.9936,-79.5197,24.97,90,40,1.54,PA,1659957286
Arraial do Cabo,-22.9661,-42.0278,21.92,94,100,4.12,BR,1659957437
Chui,-33.6971,-53.4616,10.02,74,39,3.41,UY,1659957395
Hobart,-42.8794,147.3294,5.03,82,0,3.09,AU,1659957060
Puerto Ayora,-0.7393,-90.3518,19.19,98,85,3.58,EC,1659957438
Kushima,31.4583,131.2333,27.21,89,74,1.56,JP,1659957322
Nikolskoye,59.7035,30.7861,20.99,46,99,2.39,RU,1659957439
Lagoa,39.05,-27.9833,22.92,80,31,6.85,PT,1659957439
Jamestown,42.097,-79.2353,22.8,72,100,4.12,US,1659957297
Hilo,19.7297,-155.09,25.71,74,40,3.6,US,1659957440
Port Blair,11.6667,92.75,29.02,79,75,7.2,IN,1659957301
Mar del Plata,-38.0023,-57.5575,8.94,78,75,2.24,AR,1659957441
Mahon,39.8885,4.2658,31.31,55,20,3.6,ES,1659957441
Airai,-8.9266,125.4092,15.17,90,49,1.46,TL,1659957442
Borogontsy,62.6683,131.1683,15.61,80,58,2.39,RU,1659957442
Sept-Îles,50.2001,-66.3821,15.29,70,20,2.06,CA,1659957310
Rikitea,-23.1203,-134.9692,22.08,82,100,14.68,PF,1659957442
Yar-Sale,66.8333,70.8333,30.14,32,0,5.77,RU,1659957443
Tilichiki,60.4667,166.1,11.52,86,51,1.87,RU,1659957445
Alofi,-19.0595,-169.9187,22.94,88,75,2.57,NU,1659957445
Tiksi,71.6872,128.8694,11.23,92,99,5.13,RU,1659957445
Hermanus,-34.4187,19.2345,19.33,71,29,2.1,ZA,1659957446
Provideniya,64.3833,-173.3,3.32,65,73,5.73,RU,1659957447
Jumla,29.2747,82.1838,22.0,82,72,1.9,NP,1659957162
New Norfolk,-42.7826,147.0587,4.84,75,6,1.04,AU,1659957285
Bilma,18.6853,12.9164,35.31,35,95,1.61,NE,1659957447
Poum,-20.2333,164.0167,23.21,78,3,9.43,NC,1659957448
Ancud,-41.8697,-73.8203,4.01,88,11,1.93,CL,1659957215
Coyhaique,-45.5752,-72.0662,0.34,93,0,0.0,CL,1659957194
Narsaq,60.9167,-46.05,8.12,54,49,0.59,GL,1659957449
Portland,45.5234,-122.6762,21.56,69,0,1.54,US,1659957342
Omsukchan,62.5333,155.8,14.34,82,84,3.74,RU,1659957450
Iki-Burul,45.8208,44.6472,31.49,21,42,2.82,RU,1659957451
Lata,40.1629,-8.3327,27.49,50,0,2.03,PT,1659957452
San Nicolas,18.1725,120.5953,24.95,94,100,2.06,PH,1659957452
Aklavik,68.2191,-135.0107,8.86,90,61,3.49,CA,1659957453
Kruisfontein,-34.0033,24.7314,16.36,83,92,2.51,ZA,1659957453
Kapaa,22.0752,-159.319,25.18,88,75,6.17,US,1659957454
Vila Velha,-20.3297,-40.2925,24.97,74,0,6.17,BR,1659957454
San Quintín,30.4833,-115.95,21.98,86,30,1.98,MX,1659957455
Barrow,71.2906,-156.7887,3.92,84,99,5.95,US,1659957455
Maţāy,28.419,30.7792,38.0,18,0,5.83,EG,1659957290
Esperance,-33.8667,121.9,15.92,64,82,6.49,AU,1659957355
La Rioja,42.25,-2.5,26.88,37,2,4.06,ES,1659957457
San Jose,37.3394,-121.895,17.38,83,75,3.6,US,1659957323
Tuktoyaktuk,69.4541,-133.0374,8.02,80,70,6.08,CA,1659957458
Pevek,69.7008,170.3133,-0.12,91,75,2.47,RU,1659957458
Calvinia,-31.4707,19.776,16.87,35,0,3.44,ZA,1659957458
Fort Nelson,58.8053,-122.7002,12.77,62,75,3.09,CA,1659957459
Hervey Bay,-25.2986,152.8535,15.57,67,0,0.45,AU,1659957459
Kumul,42.8,93.45,39.55,9,0,2.54,CN,1659957233
Kamenka,51.3223,42.7678,32.73,19,22,2.88,RU,1659957460
Lodja,-3.4833,23.4333,38.02,18,10,1.28,CD,1659957421
Ilhabela,-23.7781,-45.3581,20.29,90,100,2.23,BR,1659957307
Atbasar,51.8,68.3333,21.33,48,81,4.83,KZ,1659957461
Butaritari,3.0707,172.7902,27.31,78,26,5.92,KI,1659957462
Eureka,40.8021,-124.1637,17.04,90,6,1.39,US,1659957346
Newport,51.5877,-2.9984,26.54,59,6,1.82,GB,1659957463
Virginia Beach,36.8529,-75.978,26.01,92,20,3.09,US,1659957274
Urucará,-2.5364,-57.76,24.08,76,92,1.54,BR,1659957464
Phalaborwa,-23.943,31.1411,29.6,14,4,4.46,ZA,1659957298
Natal,-5.795,-35.2094,26.12,78,20,5.66,BR,1659957465
Grindavik,63.8424,-22.4338,10.97,93,75,9.26,IS,1659957465
Ilulissat,69.2167,-51.1,7.01,87,75,2.06,GL,1659957466
Comodoro Rivadavia,-45.8667,-67.5,1.92,87,40,1.54,AR,1659957466
Klaksvík,62.2266,-6.589,13.51,84,100,0.99,FO,1659957467
Ozernovskiy,51.5,156.5167,13.66,89,73,2.75,RU,1659957467
Abhā,18.2164,42.5053,27.9,61,40,7.2,SA,1659957467
Tizayuca,19.8333,-98.9833,14.76,90,88,1.64,MX,1659957468
Longyearbyen,78.2186,15.6401,7.91,93,75,4.12,SJ,1659957469
Saint George,37.1041,-113.5841,27.75,36,0,4.12,US,1659957261
Sitka,57.0531,-135.33,11.94,94,100,2.06,US,1659957469
Biak,-0.9131,122.8766,24.63,85,91,1.85,ID,1659957470
Arona,28.0996,-16.681,25.39,61,0,10.29,ES,1659957471
Dingle,10.9995,122.6711,24.62,89,100,0.9,PH,1659957471
Bredasdorp,-34.5322,20.0403,19.73,61,83,3.0,ZA,1659957305
Monroe,43.1501,-77.6831,25.82,87,75,4.12,US,1659957472
Tolaga Bay,-38.3667,178.3,10.39,91,100,2.28,NZ,1659957472
Usinsk,65.9939,57.5281,16.17,70,86,5.94,RU,1659957192
Chara,56.9064,118.2631,14.02,62,96,3.13,RU,1659957473
Labuhan,-6.8844,112.2051,27.86,71,33,2.89,ID,1659957473
Bethel,41.3712,-73.414,26.05,88,0,1.54,US,1659957474
Viedma,-40.8135,-62.9967,4.37,86,98,2.18,AR,1659957237
Severo-Kuril'sk,50.6789,156.125,13.27,86,41,1.59,RU,1659957476
East London,-33.0153,27.9116,16.52,94,75,6.69,ZA,1659957476
Upernavik,72.7868,-56.1549,5.31,79,100,1.82,GL,1659957477
Bluff,-46.6,168.3333,1.56,67,8,8.15,NZ,1659957478
Teshie,5.5836,-0.1072,26.31,73,40,8.75,GH,1659957334
Geraldton,-28.7667,114.6,15.23,88,100,0.51,AU,1659957478
Avarua,-21.2078,-159.775,23.03,68,40,4.63,CK,1659957479
La Orilla,17.9833,-102.2333,23.84,93,87,2.17,MX,1659957479
Qaanaaq,77.484,-69.3632,2.66,63,93,2.04,GL,1659957480
Harper,4.375,-7.7169,24.55,71,100,2.38,LR,1659957480
Belaya Gora,68.5333,146.4167,19.05,58,47,2.67,RU,1659957481
Los Llanos de Aridane,28.6585,-17.9182,25.07,75,20,7.2,ES,1659957481
Jammu,32.7333,74.8667,33.65,51,4,1.22,IN,1659957307
Luohe,33.5717,114.0353,31.86,69,100,3.09,CN,1659957482
Gogrial,8.5332,28.1004,32.65,45,77,4.42,SS,1659957482
Mogadishu,2.0371,45.3438,26.07,71,66,9.23,SO,1659957383
Mapiripán,2.8892,-72.1256,21.39,96,41,0.61,CO,1659957483
Saryg-Sep,51.5,95.6,26.98,24,91,3.77,RU,1659957483
Clyde River,70.4692,-68.5914,7.13,87,100,3.6,CA,1659957484
Ternate,0.8,127.4,26.81,78,73,3.78,ID,1659957310
Christchurch,-43.5333,172.6333,4.95,78,100,1.03,NZ,1659956875
Scarborough,54.2797,-0.4044,24.07,67,58,0.89,GB,1659957486
Bonavista,48.6499,-53.1147,18.81,83,100,5.78,CA,1659957487
Gondā City,27.1333,81.9333,35.12,51,46,5.28,IN,1659957383
Mikumi,-7.4041,36.9831,25.49,40,76,3.35,TZ,1659957488
Yellowknife,62.456,-114.3525,13.29,100,75,2.06,CA,1659957488
Najrān,17.4924,44.1277,37.36,18,36,7.23,SA,1659957489
Basoko,1.2391,23.616,31.82,47,54,0.54,CD,1659957421
Dakar,14.6937,-17.4441,30.49,80,76,4.22,SN,1659957489
Wajir,1.7471,40.0573,31.51,30,98,9.38,KE,1659957403
Tynda,55.1667,124.7167,11.67,98,100,1.92,RU,1659957490
Torbay,47.6666,-52.7314,20.98,93,100,6.69,CA,1659957491
Thompson,55.7435,-97.8558,14.09,100,20,1.54,CA,1659957491
Gualeguay,-33.1416,-59.3097,4.57,95,53,3.06,AR,1659957196
Aswān,24.0934,32.907,42.01,14,18,4.83,EG,1659957492
Palu,-0.8917,119.8707,24.72,96,76,0.01,ID,1659957493
Vardø,70.3705,31.1107,11.99,82,75,7.72,NO,1659957493
Saint-Philippe,-21.3585,55.7679,24.77,80,21,4.1,RE,1659957493
Camacha,33.0833,-16.3333,21.68,64,75,6.69,PT,1659957494
Codrington,-38.2667,141.9667,8.84,70,95,1.87,AU,1659957495
Isangel,-19.55,169.2667,24.3,84,2,1.78,VU,1659957495
Touba,8.2833,-7.6833,23.75,81,78,3.37,CI,1659957496
Constitución,-35.3333,-72.4167,6.62,88,0,3.11,CL,1659957327
Palmer,42.1584,-72.3287,25.18,81,40,3.6,US,1659957498
Iqaluit,63.7506,-68.5145,5.85,93,20,0.89,CA,1659957499
Tasiilaq,65.6145,-37.6368,5.09,97,100,0.72,GL,1659957499
Saint Paul Harbor,57.79,-152.4072,13.73,77,100,1.54,US,1659957499
Bilibino,68.0546,166.4372,5.49,72,6,1.67,RU,1659957500
Ambon City,-3.6954,128.1814,26.24,14,40,1.03,ID,1659957410
Leshukonskoye,64.8989,45.7622,18.49,46,52,3.59,RU,1659957500
Kinna,57.5073,12.6946,20.97,83,95,2.46,SE,1659957501
Biskupiec,53.8647,20.9569,19.9,51,46,2.24,PL,1659957501
Harpanahalli,14.8,75.9833,22.44,88,100,10.03,IN,1659957502
Husavik,66.0449,-17.3389,12.68,63,70,5.86,IS,1659957502
Kandrian,-6.2167,149.55,25.3,89,79,4.25,PG,1659957502
Shimanovsk,52.0,127.7,12.54,98,100,3.37,RU,1659957503
Stade,53.6,9.4833,22.45,48,39,2.6,DE,1659957503
Cairns,-16.9167,145.7667,22.97,84,75,5.14,AU,1659957504
Dikson,73.5069,80.5464,6.6,100,100,7.19,RU,1659957504
Ceres,37.5949,-120.9577,19.89,79,0,3.6,US,1659957259
Vejalpur,22.6833,73.5667,31.99,65,86,1.86,IN,1659957506
Porto-Novo,6.4965,2.6036,26.9,61,95,5.77,BJ,1659957393
Zhezkazgan,47.8043,67.7144,26.99,29,75,7.0,KZ,1659957506
Maniitsoq,65.4167,-52.9,4.74,92,86,5.29,GL,1659957507
Ribeira Grande,38.5167,-28.7,24.22,83,40,4.63,PT,1659957400
Port Hawkesbury,45.6169,-61.3485,20.41,84,100,3.13,CA,1659957507
Pervomayskiy,53.2485,40.2871,30.83,26,100,1.61,RU,1659957508
Adrar,20.5022,-10.0711,39.13,17,2,6.94,MR,1659957508
Avera,33.194,-82.5271,22.03,89,99,1.52,US,1659957508
Derzhavīnsk,51.1,66.3167,23.89,39,90,7.61,KZ,1659957509
Xai-Xai,-25.0519,33.6442,29.41,32,2,5.94,MZ,1659957509
Cherskiy,68.75,161.3,7.67,63,78,2.51,RU,1659957510
Esim,4.8699,-2.2405,24.98,73,100,4.47,GH,1659957510
Nabire,-3.3667,135.4833,24.91,89,82,0.85,ID,1659957511
Port Augusta,-32.5,137.7667,10.48,46,0,2.32,AU,1659957290
Nuuk,64.1835,-51.7216,4.34,100,100,3.6,GL,1659957391
Shubarkuduk,49.1447,56.4872,30.36,30,64,4.97,KZ,1659957512
Cabo San Lucas,22.8909,-109.9124,28.62,83,100,3.14,MX,1659957512
Praia da Vitória,38.7333,-27.0667,26.14,73,20,4.39,PT,1659957513
Talavera de la Reina,39.9635,-4.8308,33.87,18,0,1.46,ES,1659957513
Barreirinhas,-2.7469,-42.8264,25.95,80,5,4.1,BR,1659957513
Guerrero Negro,27.9769,-114.0611,23.46,79,76,2.62,MX,1659957514
Āsosa,10.0667,34.5333,20.34,83,89,2.76,ET,1659957234
Kalabo,-14.97,22.6814,30.04,12,0,2.73,ZM,1659957514
Aplahoué,6.9333,1.6833,25.65,70,92,3.01,BJ,1659957515
Cam Ranh,11.9214,109.1591,28.98,70,75,2.06,VN,1659957239
Healdsburg,38.6105,-122.8692,15.56,84,100,1.54,US,1659957516
Gobabis,-22.45,18.9667,24.25,15,0,0.26,NA,1659957517
Lebu,-37.6167,-73.65,6.75,87,68,4.4,CL,1659957320
Prado,-17.3411,-39.2208,23.02,72,6,3.94,BR,1659957293
Ahipara,-35.1667,173.1667,11.39,88,44,2.13,NZ,1659957519
Krasnovishersk,60.4078,57.082,28.78,38,59,1.45,RU,1659957519
Komsomolets,53.7453,62.0708,26.3,40,100,5.38,KZ,1659957520
Ponta Delgada,37.7333,-25.6667,23.4,78,20,3.09,PT,1659957520
Tautira,-17.7333,-149.15,23.39,73,88,10.42,PF,1659957520
Pinhão,-25.6956,-51.6597,13.58,98,100,1.01,BR,1659957363
Potosí,-19.5836,-65.7531,-4.52,86,0,3.09,BO,1659957521
Kenai,60.5544,-151.2583,14.05,78,75,10.8,US,1659957522
Sinnamary,5.3833,-52.95,25.34,81,58,4.0,GF,1659957522
Cayenne,4.9333,-52.3333,26.02,89,0,0.0,GF,1659957523
Brae,60.3964,-1.353,13.44,97,100,7.45,GB,1659957523
Moose Factory,51.2585,-80.6094,10.99,87,0,3.09,CA,1659957524
Fortuna,40.5982,-124.1573,16.19,93,0,0.0,US,1659957524
Torit,4.4133,32.5678,30.06,56,99,0.64,SS,1659957525
El Fuerte,26.4189,-108.6194,26.01,71,100,0.9,MX,1659957525
Paragominas,-2.9667,-47.4833,23.83,82,17,1.78,BR,1659957268
Mala,-12.6581,-76.6308,15.96,80,65,1.76,PE,1659957252
Farap,39.1704,63.6116,35.0,16,0,7.2,TM,1659957526
Bana,5.1481,10.2762,19.3,89,99,1.63,CM,1659957526
Khatanga,71.9667,102.5,13.17,79,100,2.02,RU,1659957526
Alice Springs,-23.7,133.8833,11.79,32,0,2.57,AU,1659957342
Gerede,40.8008,32.1969,25.61,35,0,3.75,TR,1659957527
Mahébourg,-20.4081,57.7,24.58,64,20,4.12,MU,1659957527
Cockburn Town,21.4612,-71.1419,27.72,84,99,9.66,TC,1659957528
Quzhou,28.9594,118.8686,31.21,58,7,1.68,CN,1659957326
Changping,40.2186,116.2197,24.8,66,100,1.47,CN,1659957529
Koslan,63.4564,48.8989,21.81,36,98,3.41,RU,1659957530
Maceió,-9.6658,-35.7353,25.69,78,20,0.0,BR,1659957530
Paracuru,-3.41,-39.0306,25.62,66,7,6.9,BR,1659957415
Cody,44.5263,-109.0565,18.12,59,0,4.47,US,1659957531
Umm Kaddadah,13.6017,26.6876,29.61,49,95,4.4,SD,1659957531
Kangaatsiaq,68.3065,-53.4641,4.44,93,100,1.22,GL,1659957532
Quryq,43.2,51.65,28.45,38,100,9.16,KZ,1659957532
Port Lincoln,-34.7333,135.8667,11.53,77,0,3.87,AU,1659957397
Byron Bay,-28.65,153.6167,14.41,77,1,5.83,AU,1659957469
Norman Wells,65.282,-126.8329,5.02,100,75,1.03,CA,1659957533
Rawson,-43.3002,-65.1023,4.16,100,100,1.03,AR,1659957533
Bahía Blanca,-38.7196,-62.2724,3.74,83,99,2.4,AR,1659957534
Broome,42.2506,-75.833,23.71,93,0,3.09,US,1659957535
Bembèrèkè,10.2283,2.6634,26.12,72,100,4.15,BJ,1659957414
Ust-Tsilma,65.441,52.1498,20.83,41,99,2.31,RU,1659957535
Eyl,7.9803,49.8164,32.55,42,51,11.78,SO,1659957383
Çorlu,41.1592,27.8,30.99,48,40,11.83,TR,1659957537
Salinópolis,-0.6136,-47.3561,26.85,81,42,4.46,BR,1659957538
Tanout,14.9709,8.8879,32.71,45,98,7.49,NE,1659957538
Coalinga,36.1397,-120.3602,21.69,56,0,0.48,US,1659957538
Eirunepé,-6.6603,-69.8736,21.15,98,87,0.67,BR,1659957305
Nanortalik,60.1432,-45.2371,7.36,81,100,1.88,GL,1659957539
Beloha,-25.1667,45.05,25.33,49,11,7.73,MG,1659957539
Lüderitz,-26.6481,15.1594,20.93,40,27,4.02,NA,1659957527
Faya,18.3851,42.4509,28.06,48,75,1.6,SA,1659957540
Bariloche,-41.1456,-71.3082,0.14,73,89,1.13,AR,1659957541
Karligan,14.975,122.0456,25.62,85,100,2.01,PH,1659957541
Cabedelo,-6.9811,-34.8339,24.37,72,13,6.08,BR,1659957542
Foshan,23.0268,113.1315,28.3,52,91,4.51,CN,1659957320
Kuril'sk,45.2333,147.8833,17.26,97,100,6.68,RU,1659957542
Pangnirtung,66.1451,-65.7125,6.0,87,40,1.54,CA,1659957543
Isiolo,0.3546,37.5822,27.82,39,90,4.66,KE,1659957543
Dunnville,42.9001,-79.6163,24.98,89,48,6.64,CA,1659957543
Thomasville,35.8826,-80.082,23.11,97,4,1.83,US,1659957330
Jiguaní,20.3667,-76.4272,24.88,95,14,1.94,CU,1659957420
Kingman,35.1894,-114.053,29.71,51,0,4.63,US,1659957544
Grand Gaube,-20.0064,57.6608,24.65,61,3,3.13,MU,1659957545
Padang,-0.9492,100.3543,30.03,77,21,1.24,ID,1659957475
Shimoda,34.6667,138.95,26.72,91,89,4.95,JP,1659957546
Mayo,38.8876,-76.5119,26.37,91,0,1.54,US,1659957547
Saskylakh,71.9167,114.0833,14.19,69,100,3.27,RU,1659957547
Trincomalee,8.5711,81.2335,30.72,57,100,10.97,LK,1659957548
Vaitape,-16.5167,-151.75,24.46,70,87,10.89,PF,1659957548
Azángaro,-14.9167,-70.2167,1.38,88,65,1.38,PE,1659957549
Saint-Leu,-21.15,55.2833,24.48,79,18,4.6,RE,1659957549
North Bend,43.4065,-124.2243,15.51,100,100,1.54,US,1659957549
Vestmannaeyjar,63.4427,-20.2734,11.02,84,72,8.73,IS,1659957550
Eséka,3.65,10.7667,23.37,94,100,1.41,CM,1659957416
Yumen,40.2833,97.2,23.89,37,82,8.33,CN,1659957550
Crystal Lake,42.2411,-88.3162,24.75,93,99,4.47,US,1659957269
Abalak,58.1286,68.5944,26.78,42,92,3.59,RU,1659957551
Sinazongwe,-17.2614,27.4618,24.51,39,0,3.88,ZM,1659957551
Machilipatnam,16.1667,81.1333,27.06,80,100,7.82,IN,1659957337
Beringovskiy,63.05,179.3167,7.86,62,29,3.15,RU,1659957552
Batticaloa,7.7102,81.6924,31.88,49,97,8.75,LK,1659957554
Matane,48.8286,-67.522,12.98,74,100,2.69,CA,1659957554
Conakry,9.538,-13.6773,25.41,85,97,4.61,GN,1659957554
Senanga,-16.1167,23.2667,30.84,8,0,3.11,ZM,1659957556
Khāsh,28.2211,61.2158,36.32,8,1,7.0,IR,1659957556
Otane,-39.8833,176.6333,10.01,98,98,0.91,NZ,1659957557
Bengkulu,-3.8004,102.2655,26.83,83,44,4.86,ID,1659957374
Northam,51.0333,-4.2167,22.03,48,0,2.52,GB,1659957558
Ojinaga,29.5667,-104.4167,28.01,54,0,0.0,MX,1659957559
Várzea da Palma,-17.5981,-44.7308,22.8,37,22,1.66,BR,1659957559
Les Cayes,18.2,-73.75,25.75,75,23,2.17,HT,1659957560
Mossamedes,-15.1961,12.1522,21.57,69,26,4.93,AO,1659957560
Moussoro,13.6408,16.4901,26.76,68,100,6.35,TD,1659957561
Lubango,-14.9172,13.4925,26.04,11,0,4.26,AO,1659957562
Hambantota,6.1241,81.1185,28.6,67,100,10.1,LK,1659957412
Câmara de Lobos,32.6333,-16.9667,26.67,79,20,7.72,PT,1659957562
Auki,-8.7676,160.7034,24.69,89,99,2.22,SB,1659957410
Taoudenni,22.6783,-3.9836,44.72,8,4,4.59,ML,1659957563
San Patricio,28.017,-97.5169,28.92,82,75,2.0,US,1659957564
Amga,60.8953,131.9608,18.18,65,89,2.85,RU,1659957564
Muros,42.7762,-9.0603,29.82,72,0,2.45,ES,1659957565
Tak,16.5833,98.8333,21.84,99,100,0.9,TH,1659957316
Hong Kong,22.2855,114.1577,30.21,84,59,4.02,HK,1659957303
Rocha,-34.4833,-54.3333,9.25,75,59,1.92,UY,1659957566
Anadyr,64.75,177.4833,7.28,70,0,4.0,RU,1659957566
Margate,51.3813,1.3862,24.5,60,9,3.58,GB,1659957567
Nouadhibou,20.931,-17.0347,26.99,69,79,2.06,MR,1659957568
Woodward,36.4337,-99.3904,25.57,57,40,0.0,US,1659957568
Vestmanna,62.1564,-7.1664,12.51,88,75,3.6,FO,1659957569
Hualmay,-11.0964,-77.6139,15.46,86,93,2.84,PE,1659957569
La Asuncion,11.0333,-63.8628,30.85,70,8,2.57,VE,1659957349
Novobelokatay,55.7062,58.9549,24.34,64,80,1.24,RU,1659957569
San Cristobal,7.7669,-72.225,19.1,94,55,1.44,VE,1659957570
Mago,53.2514,140.1822,15.7,99,100,2.67,RU,1659957572
Taldan,53.6667,124.8,11.36,96,100,3.52,RU,1659957572
Gigant,46.5066,41.3419,35.31,12,4,6.56,RU,1659957572
Ruy Barbosa,-12.2839,-40.4939,19.8,81,48,1.37,BR,1659957415
Cuiluan,47.72,128.648,18.34,60,6,4.57,CN,1659957574
Bathsheba,13.2167,-59.5167,28.36,93,20,8.75,BB,1659957574
Winchester,51.0651,-1.3187,28.16,38,20,3.6,GB,1659957574
Gamba,-2.65,10.0,23.87,68,100,2.96,GA,1659957575
Chicama,-7.8447,-79.1469,16.23,87,64,2.4,PE,1659957575
Suicheng,33.8963,117.9331,31.16,73,99,3.41,CN,1659957575
Umluj,25.0213,37.2685,33.06,58,33,7.05,SA,1659957576
Carnarvon,-24.8667,113.6333,18.98,69,2,7.72,AU,1659957541
Saint-François,46.4154,3.9054,28.71,26,0,6.17,FR,1659957577
Hofn,64.2539,-15.2082,13.01,82,75,5.14,IS,1659957577
Hope,33.6671,-93.5916,26.03,78,56,2.46,US,1659957578
Dhandhuka,22.3667,71.9833,33.18,59,80,1.1,IN,1659957429
Karratha,-20.7377,116.8463,21.74,50,46,4.65,AU,1659957579
Grajaú,-5.8194,-46.1386,26.06,38,8,3.37,BR,1659957579
Vila Franca do Campo,37.7167,-25.4333,23.23,71,62,2.5,PT,1659957580
San Felipe,10.3399,-68.7425,22.31,95,54,0.13,VE,1659957324
Caruray,10.3094,119.0128,26.99,80,100,2.55,PH,1659957580
Marzuq,14.4,46.4667,31.73,41,46,4.43,YE,1659957581
Port Hardy,50.6996,-127.4199,13.1,88,0,2.06,CA,1659957581
Carballo,43.213,-8.691,27.68,46,4,3.03,ES,1659957581
Zhigansk,66.7697,123.3711,14.69,76,100,3.82,RU,1659957582
Teguise,29.0605,-13.564,23.12,69,20,10.29,ES,1659957583
Nador,35.174,-2.9287,32.04,65,20,4.12,MA,1659957583
Naze,28.3667,129.4833,27.51,76,8,3.17,JP,1659957584
Nakasongola,1.3089,32.4564,30.19,31,73,1.43,UG,1659957584
Yerbogachën,61.2767,108.0108,10.73,92,100,2.09,RU,1659957585
Mount Gambier,-37.8333,140.7667,7.52,94,86,0.98,AU,1659957585
Tonj,7.2737,28.6822,30.27,55,91,3.79,SS,1659957586
São José da Coroa Grande,-8.8978,-35.1478,24.52,67,100,3.9,BR,1659957587
São Filipe,14.8961,-24.4956,26.42,85,91,3.59,CV,1659957400
Ilorin,8.5,4.55,26.2,73,75,5.66,NG,1659957587
Yenagoa,4.9247,6.2642,27.3,76,99,3.21,NG,1659957528
Touros,-5.1989,-35.4608,25.44,73,10,6.69,BR,1659957588
Emba,48.8264,58.1442,28.32,34,78,6.02,KZ,1659957362
Fremont,37.5483,-121.9886,16.99,85,75,3.6,US,1659957590
Mount Isa,-20.7333,139.5,16.87,23,0,4.12,AU,1659957590
Uchiza,-8.4592,-76.4633,18.76,89,9,1.1,PE,1659957591
Anticala,9.0044,125.6453,24.7,93,100,1.22,PH,1659957591
Burē,10.7,37.0667,17.06,85,100,0.43,ET,1659957592
San-Pédro,4.7485,-6.6363,25.6,69,89,3.59,CI,1659957374
Indianola,41.3581,-93.5574,23.27,99,95,5.07,US,1659957592
Tari,12.4086,4.4914,30.43,60,98,4.67,NG,1659957593
Lodi,38.1302,-121.2725,17.76,84,0,0.87,US,1659957595
Pisco,-13.7,-76.2167,14.03,82,75,3.09,PE,1659957596
Estelle,29.8458,-90.1067,26.67,87,25,0.27,US,1659957596
Mangan,27.5167,88.5333,29.08,87,94,1.97,IN,1659957596
Atar,20.5169,-13.0499,35.89,34,17,2.91,MR,1659957597
Ankang,32.68,109.0172,34.6,52,90,3.3,CN,1659957547
Miura,35.14,139.6192,30.55,89,60,10.37,JP,1659957315
Sapulpa,35.9987,-96.1142,26.5,77,0,0.0,US,1659957598
Kostomuksha,64.571,30.5767,16.95,47,69,4.11,RU,1659957599
Ballina,-28.8667,153.5667,14.45,85,2,6.3,AU,1659957599
Novikovo,51.1537,37.8879,32.1,22,73,2.01,RU,1659957599
Taltal,-25.4,-70.4833,12.82,67,6,0.33,CL,1659957600
Ginda,30.6945,78.4932,22.72,81,100,1.16,IN,1659957600
Shrīgonda,18.6167,74.6833,25.5,75,100,7.33,IN,1659957601
Udachny,66.4167,112.4,10.25,93,100,2.3,RU,1659957378
Cantagalo,-21.9811,-42.3681,21.15,68,100,0.8,BR,1659957602
Ezeriş,45.4108,21.8858,32.52,34,31,1.35,RO,1659957602
Caravelas,-17.7125,-39.2481,23.49,71,5,3.59,BR,1659957603
Gimli,50.6336,-96.9907,14.34,84,13,5.98,CA,1659957603
Halkirk,52.2834,-112.1518,12.76,60,11,1.78,CA,1659957604
Kashgar,39.4547,75.9797,30.56,37,0,5.0,CN,1659957604
Rasulnagar,32.3285,73.7814,36.2,48,11,2.2,PK,1659957605
Olbia,40.9214,9.4856,33.03,46,40,7.72,IT,1659957605
Olinda,-8.0089,-34.8553,25.85,69,40,6.17,BR,1659957606
Uthal,25.8072,66.6219,34.97,59,99,4.52,PK,1659957606
Reconquista,-29.15,-59.65,11.69,86,100,3.66,AR,1659957607
Severobaykal'sk,55.65,109.3167,10.31,91,91,2.44,RU,1659957607
Elliot Lake,46.3834,-82.6331,11.33,86,97,2.16,CA,1659957608
Kailua,21.4022,-157.7394,25.99,77,40,3.09,US,1659957609
Gornopravdinsk,60.05,69.9,28.67,38,47,1.91,RU,1659957609
Gold Coast,-28.0,153.4333,15.56,83,1,4.12,AU,1659957364
Prince Rupert,54.3161,-130.3201,13.83,92,0,5.14,CA,1659957610
Mariehamn,60.0973,19.9348,18.92,63,75,3.6,AX,1659957611
Wichita Falls,33.9137,-98.4934,29.08,55,0,6.17,US,1659957611
Walvis Bay,-22.9575,14.5053,20.53,52,49,1.03,NA,1659957611
Necochea,-38.5473,-58.7368,5.79,79,62,1.17,AR,1659957612
Gillette,44.2911,-105.5022,11.51,76,0,1.54,US,1659957612
Viet Tri,21.3019,105.4308,26.97,79,76,2.59,VN,1659957596
Soe,-9.8607,124.284,18.97,85,11,2.04,ID,1659957456
Kushiro,42.975,144.3747,21.53,100,75,6.17,JP,1659957356
Russell,32.3502,-85.1999,22.78,93,100,0.61,US,1659957614
Haines Junction,60.7522,-137.5108,0.97,93,82,0.51,CA,1659957614
Batagay,67.6333,134.6333,18.1,61,93,1.81,RU,1659957614
Jodhpur,26.2867,73.03,29.78,68,98,2.47,IN,1659957615
Imbituba,-28.24,-48.6703,16.59,99,100,3.17,BR,1659957615
Río Gallegos,-51.6226,-69.2181,0.03,93,0,5.66,AR,1659957616
Puerto Escondido,15.85,-97.0667,23.46,78,75,3.09,MX,1659957617
Qingdao,36.0986,120.3719,26.78,100,20,2.0,CN,1659957567
Ouadda,8.0777,22.4007,27.86,62,75,3.54,CF,1659957618
Kurunegala,7.4863,80.3623,28.06,67,91,4.41,LK,1659957618
Ugoofaaru,5.6667,73.0,27.58,83,100,6.54,MV,1659957620
Muli,2.9167,73.5667,27.84,78,99,5.14,MV,1659957414
Digha,21.6833,87.55,28.42,82,100,7.36,IN,1659957620
Bandarbeyla,9.4942,50.8122,31.43,47,37,12.48,SO,1659957621
San Vicente,-26.6167,-54.1333,13.12,99,100,1.49,AR,1659957621
Samarai,-10.6167,150.6667,26.54,77,66,6.54,PG,1659957622
Daru,-9.0763,143.2092,25.09,86,87,6.92,PG,1659957622
Le Vauclin,14.5452,-60.8388,27.69,89,75,2.06,MQ,1659957623
Ngunguru,-35.6167,174.5,13.59,83,40,3.54,NZ,1659957623
Mimoso do Sul,-21.0642,-41.3664,23.89,63,49,0.89,BR,1659957624
Leer,8.3018,30.1418,31.99,50,93,3.82,SS,1659957624
Cidreira,-30.1811,-50.2056,14.16,92,100,6.72,BR,1659957625
Avanigadda,16.0215,80.9181,27.26,77,100,6.92,IN,1659957625
Plettenberg Bay,-34.0527,23.3716,18.39,72,58,2.16,ZA,1659957626
Fuyang,32.9,115.8167,33.99,53,94,3.03,CN,1659957626
Adjumani,3.3779,31.7909,31.47,40,100,1.38,UG,1659957411
Big Rapids,43.6981,-85.4837,24.04,95,100,3.09,US,1659957627
Buala,-8.145,159.5921,25.77,84,100,0.59,SB,1659957627
Srednekolymsk,67.45,153.6833,16.65,49,52,5.02,RU,1659957628
Lorengau,-2.0226,147.2712,27.48,77,99,3.98,PG,1659957628
Long,18.0761,99.8326,26.18,99,100,0.7,TH,1659957556
Manavgat,36.7867,31.4431,29.96,66,13,5.13,TR,1659957629
Samokov,42.3333,23.55,29.27,29,3,3.21,BG,1659957629
Havøysund,70.9963,24.6622,11.13,83,99,8.82,NO,1659957630
Castelo do Piauí,-5.3222,-41.5525,26.32,59,3,4.67,BR,1659957630
Kirakira,-10.4544,161.9205,26.19,82,97,1.33,SB,1659957631
Hohhot,40.8106,111.6522,18.16,94,75,4.0,CN,1659957631
Namatanai,-3.6667,152.4333,25.94,84,78,3.57,PG,1659957632
Kinlochleven,56.7115,-4.9661,15.9,88,100,2.82,GB,1659957633
Cham,47.1821,8.4636,27.92,59,40,1.54,CH,1659957633
Nichinan,31.6,131.3667,28.82,87,78,2.54,JP,1659957373
Lompoc,34.6391,-120.4579,15.94,84,100,8.49,US,1659957634
Dudinka,69.4058,86.1778,24.79,50,58,5.61,RU,1659957634
Gallup,35.5281,-108.7426,17.42,86,100,0.45,US,1659957635
Talnakh,69.4865,88.3972,24.56,72,56,0.77,RU,1659957539
Tabou,4.423,-7.3528,24.52,72,100,2.48,CI,1659957517
Santo Amaro da Imperatriz,-27.6881,-48.7786,17.11,98,100,1.25,BR,1659957636
Santa Rosalía,27.3167,-112.2833,27.4,71,8,0.76,MX,1659957637
Chapais,49.7834,-74.8492,10.88,75,73,1.82,CA,1659957638
Istok,42.7808,20.4875,32.66,20,4,4.71,XK,1659957638
Coffs Harbour,-30.3,153.1333,13.41,71,6,3.6,AU,1659957444
Omboué,-1.5746,9.2618,24.73,67,100,3.56,GA,1659957402
Kumluca,36.3703,30.2869,30.54,64,0,4.26,TR,1659957639
Calama,-22.4667,-68.9333,5.27,21,0,3.38,CL,1659957639
Turukhansk,65.8167,87.9833,24.28,52,66,1.75,RU,1659957640
Solnechnyy,50.7214,136.6319,14.91,97,80,1.42,RU,1659957640
São Benedito do Rio Preto,-3.3336,-43.5283,26.09,75,62,1.69,BR,1659957640
Shache,38.4167,77.2406,32.27,28,45,4.79,CN,1659957641
Kargasok,59.0556,80.8572,23.47,45,86,3.25,RU,1659957641
Yichun,47.7,128.9,17.54,59,5,4.1,CN,1659957641
Luwuk,-0.9516,122.7875,25.17,88,96,1.7,ID,1659957642
North Battleford,52.7834,-108.2847,13.05,94,75,2.06,CA,1659957642
San Angelo,31.4638,-100.437,26.12,64,0,3.09,US,1659957643
Balaipungut,1.05,101.2833,27.81,80,94,1.64,ID,1659957644
Robertson,36.5167,-86.8667,22.9,96,0,1.54,US,1659957644
Kentau,43.5206,68.5094,32.32,18,1,6.18,KZ,1659957645
Yima,34.7381,111.8839,27.41,84,97,3.82,CN,1659957646
Koumac,-20.5667,164.2833,22.0,81,20,6.28,NC,1659957646
Hiroshima,34.3963,132.4594,30.88,86,100,1.73,JP,1659957482
Deer Lake,49.1667,-57.4316,15.67,64,27,4.58,CA,1659957647
Urucurituba,-2.6833,-57.6667,24.35,76,96,1.45,BR,1659957647
Albert Lea,43.648,-93.3683,16.01,94,100,3.09,US,1659957647
Huadian,42.9633,126.7478,17.36,82,55,1.97,CN,1659957648
Nacala,-14.5428,40.6728,28.62,51,40,5.14,MZ,1659957649
Bukene,-4.2333,32.8833,29.69,19,12,2.89,TZ,1659957649
Leningradskiy,69.3833,178.4167,-0.28,96,97,4.47,RU,1659957649
Marale,14.8833,-87.15,18.15,97,83,0.56,HN,1659957650
Kavieng,-2.5744,150.7967,27.46,79,52,5.35,PG,1659957650
Puerto Maldonado,-12.6,-69.1833,20.35,99,76,0.69,PE,1659957650
Itarema,-2.9248,-39.9167,26.13,65,4,8.09,BR,1659957651
Simpang,-1.2667,104.0833,27.22,75,16,1.69,ID,1659957651
Lavrentiya,65.5833,-171.0,1.95,77,100,4.86,RU,1659957651
Katsuura,35.1333,140.3,27.47,88,98,8.89,JP,1659957552
Tura,25.5198,90.2201,29.53,80,67,1.41,IN,1659957652
Kishtwār,33.3167,75.7667,26.37,68,67,2.13,IN,1659957652
Mayumba,-3.432,10.6554,22.96,73,97,2.63,GA,1659957653
Melbu,68.5044,14.8297,12.88,76,75,3.09,NO,1659957653
Dawson Creek,55.7666,-120.2362,11.8,71,0,1.54,CA,1659957653
Mareeba,-17.0,145.4333,20.4,87,64,1.82,AU,1659957654
Kunya,12.2233,8.5325,25.09,78,20,4.12,NG,1659957654
Avdon,54.6667,55.7167,29.62,37,75,5.0,RU,1659957655
Kristinestad,62.2743,21.376,17.46,59,55,3.85,FI,1659957656
Dinga,32.6398,73.722,36.36,46,18,1.66,PK,1659957360
Dno,57.8277,29.9637,22.18,41,92,1.91,RU,1659957656
Assiut,27.181,31.1837,39.0,17,1,5.8,EG,1659957657
Cururupu,-1.8283,-44.8683,27.36,71,60,3.06,BR,1659957657
Independence,39.0911,-94.4155,26.44,80,0,3.09,US,1659957657
Huntsville,34.7304,-86.5861,22.72,97,100,0.45,US,1659957658
Palembang,-2.9167,104.7458,31.05,62,20,4.63,ID,1659957658
Yuanping,38.7153,112.7575,21.69,91,100,1.4,CN,1659957659
Kasongo-Lunda,-6.4667,16.8167,36.5,16,18,1.09,CD,1659957420
San Policarpo,12.1791,125.5072,28.0,73,99,2.12,PH,1659957659
Ust-Kuyga,70.0167,135.6,15.87,79,98,2.39,RU,1659957660
Port Antonio,18.18,-76.4612,27.95,84,74,1.88,JM,1659957660
Aksu,41.1231,80.2644,31.73,29,91,4.31,CN,1659957400
Aksarka,66.5606,67.7975,30.02,30,2,8.17,RU,1659957662
Birao,10.2849,22.7882,27.78,67,99,3.46,CF,1659957662
Laas,46.6166,10.7002,25.49,44,69,0.76,IT,1659957662
Kharan,28.5833,65.4167,40.85,14,6,0.72,PK,1659957371
Fukuechō,32.6881,128.8419,28.56,81,77,4.14,JP,1659957663
Gizo Government Station,-8.103,156.8419,27.72,75,100,2.55,SB,1659957663
Bandundu Province,-3.3167,17.3667,37.96,22,36,1.23,CD,1659957664
Meadow Lake,34.8014,-106.5436,21.18,64,67,1.56,US,1659957664
Tarabuco,-19.1667,-64.9167,4.04,93,9,1.73,BO,1659957665
Presque Isle,46.6811,-68.0159,14.24,84,100,0.0,US,1659957665
Lamu,-2.2717,40.902,27.12,64,65,6.81,KE,1659957665
Maragogi,-9.0122,-35.2225,24.25,68,100,3.69,BR,1659957666
Nizwá,22.9333,57.5333,41.55,13,12,2.0,OM,1659957667
Deputatsky,69.3,139.9,12.69,87,81,0.88,RU,1659957667
Sola,-13.8833,167.55,26.67,73,6,0.52,VU,1659957668
Santa Maria,-29.6842,-53.8069,12.61,100,100,2.06,BR,1659957668
